色泽,根蒂,敲声,纹理,脐部,触感,密度,含糖率,好瓜
青绿,稍蜷,浊响,稍糊,凹陷,硬滑,0.7457627118644068,0.28468899521531105,None
青绿,蜷缩,沉闷,稍糊,稍凹,硬滑,0.8964218455743882,0.14593301435406694,None
浅白,稍蜷,沉闷,稍糊,凹陷,硬滑,0.7796610169491527,0.3732057416267942,None
乌黑,蜷缩,浊响,清晰,凹陷,硬滑,0.7363465160075331,0.5311004784688995,None
乌黑,蜷缩,沉闷,清晰,凹陷,硬滑,1.0,0.7990430622009568,None
浅白,蜷缩,浊响,模糊,平坦,软粘,0.1883239171374764,0.13636363636363635,None
浅白,蜷缩,浊响,清晰,凹陷,硬滑,0.5894538606403015,0.4138755980861243,None
青绿,蜷缩,浊响,清晰,凹陷,硬滑,0.8549905838041434,1.0,是
